<?xml version="1.0" encoding="UTF-8"?><metadata>
    <idinfo>
        <descript>
            <abstract>Pittsburgh Parking Metered Streets</abstract>
            <purpose>Pittsburgh Parking Metered Streets</purpose>
        </descript>
        <keywords>
            <theme>
                <themekt>None</themekt>
                <themekey>Pittsburgh Parking Metered Streets</themekey>
                <themekey>Pittsburgh</themekey>
                <themekey>Transportation</themekey>
            </theme>
        </keywords>
        <accconst>None</accconst>
        <useconst>License Use Constraints:All parties acknowledge that the data is for informational purposes only. There is no guarantee as to its completeness or accuracy. The City of Pittsburgh is not responsible for any reliance upon said data.Distribution Liability:The USER shall indemnify, save harmless, and, if requested, defend those parties involved with the development and distribution of this data, including the City of Pittsburgh, and their officers, agents, and employees from and against any suits, claims, or actions for injury, death, or property damage arising out of the use of or any defect in the data, FILES or any accompanying documentation. Those parties involved with the development and distribution, including the City of Pittsburgh, exclude and disclaim any and all implied warranties, including warranties of merchantability and fitness for a particular purpose, and they make no warranty or representation, either express or implied, with respect to the data, FILES or accompanying documentation, including its quality, performance, merchantability, or fitness for a particular purpose. The data, FILES and documentation are provided &amp;quot;as is&amp;quot; and the USER assumes the entire risk as to their quality and performance. Those parties involved with the development and distribution of this data, including the City of Pittsburgh, will not be liable for any direct, indirect, special, incidental, or consequential damages arising out of the use or inability to use the data, FILES or any accompanying documentation.</useconst>
        <datacred/>
    </idinfo>
    <metainfo>
        <metstdn>FGDC Content Standard for Digital Geospatial Metadata</metstdn>
        <metstdv>FGDC-STD-001-1998</metstdv>
        <mettc>local time</mettc>
    </metainfo>
</metadata>
